n_components,reconstruction_error,alpha,l1_ratio,topics,time
2,136.0754589100405,0,0.0,"['windows', 'thanks', 'drive', 'card', 'dos', 'use', 'file', 'know', 'program', 'scsi', 'does', 'software', 'pc', 'mail', 'problem', 'files', 'help', 'disk', 'using', 'mac', 'like', 'need', 'hi', 'graphics', 'window', 'work', 'advance', 'monitor', 'video', 'run', 'new', 'computer', 'looking', 'memory', 'bit', 'running', 'version', 'data', 'ftp', 've', 'email', 'used', 'driver', 'hard', 'information', 'screen', 'info', 'machine', 'mouse', 'available', 'ide', 'drivers', 'just', 'bus', 'appreciated', 'controller', 'color', 'ram', 'ms', 'want', 'board', 'os', 'display', 'drives', 'edu', 'image', 'mode', 'format', 'modem', 'server', 'apple', 'anybody', 'problems', 'ibm', 'chip', 'unix', 'port', 'set', 'application', 'hardware', 'send', '00', 'copy', 'good', 'interested', 'printer', 'floppy', 'code', 'price', 'access', 'don', 'speed', 'time', 'address', 'cards', 'works', 'vga', '16', 'sale', 'list']",1.0368151730217505
2,136.0754589100405,0,0.25,"['windows', 'thanks', 'drive', 'card', 'dos', 'use', 'file', 'know', 'program', 'scsi', 'does', 'software', 'pc', 'mail', 'problem', 'files', 'help', 'disk', 'using', 'mac', 'like', 'need', 'hi', 'graphics', 'window', 'work', 'advance', 'monitor', 'video', 'run', 'new', 'computer', 'looking', 'memory', 'bit', 'running', 'version', 'data', 'ftp', 've', 'email', 'used', 'driver', 'hard', 'information', 'screen', 'info', 'machine', 'mouse', 'available', 'ide', 'drivers', 'just', 'bus', 'appreciated', 'controller', 'color', 'ram', 'ms', 'want', 'board', 'os', 'display', 'drives', 'edu', 'image', 'mode', 'format', 'modem', 'server', 'apple', 'anybody', 'problems', 'ibm', 'chip', 'unix', 'port', 'set', 'application', 'hardware', 'send', '00', 'copy', 'good', 'interested', 'printer', 'floppy', 'code', 'price', 'access', 'don', 'speed', 'time', 'address', 'cards', 'works', 'vga', '16', 'sale', 'list']",0.8791225670138374
2,136.0754589100405,0,0.5,"['windows', 'thanks', 'drive', 'card', 'dos', 'use', 'file', 'know', 'program', 'scsi', 'does', 'software', 'pc', 'mail', 'problem', 'files', 'help', 'disk', 'using', 'mac', 'like', 'need', 'hi', 'graphics', 'window', 'work', 'advance', 'monitor', 'video', 'run', 'new', 'computer', 'looking', 'memory', 'bit', 'running', 'version', 'data', 'ftp', 've', 'email', 'used', 'driver', 'hard', 'information', 'screen', 'info', 'machine', 'mouse', 'available', 'ide', 'drivers', 'just', 'bus', 'appreciated', 'controller', 'color', 'ram', 'ms', 'want', 'board', 'os', 'display', 'drives', 'edu', 'image', 'mode', 'format', 'modem', 'server', 'apple', 'anybody', 'problems', 'ibm', 'chip', 'unix', 'port', 'set', 'application', 'hardware', 'send', '00', 'copy', 'good', 'interested', 'printer', 'floppy', 'code', 'price', 'access', 'don', 'speed', 'time', 'address', 'cards', 'works', 'vga', '16', 'sale', 'list']",0.9637350589910056
2,136.0754589100405,0,0.75,"['windows', 'thanks', 'drive', 'card', 'dos', 'use', 'file', 'know', 'program', 'scsi', 'does', 'software', 'pc', 'mail', 'problem', 'files', 'help', 'disk', 'using', 'mac', 'like', 'need', 'hi', 'graphics', 'window', 'work', 'advance', 'monitor', 'video', 'run', 'new', 'computer', 'looking', 'memory', 'bit', 'running', 'version', 'data', 'ftp', 've', 'email', 'used', 'driver', 'hard', 'information', 'screen', 'info', 'machine', 'mouse', 'available', 'ide', 'drivers', 'just', 'bus', 'appreciated', 'controller', 'color', 'ram', 'ms', 'want', 'board', 'os', 'display', 'drives', 'edu', 'image', 'mode', 'format', 'modem', 'server', 'apple', 'anybody', 'problems', 'ibm', 'chip', 'unix', 'port', 'set', 'application', 'hardware', 'send', '00', 'copy', 'good', 'interested', 'printer', 'floppy', 'code', 'price', 'access', 'don', 'speed', 'time', 'address', 'cards', 'works', 'vga', '16', 'sale', 'list']",0.8765050710062496
2,136.0754589100405,0,1.0,"['windows', 'thanks', 'drive', 'card', 'dos', 'use', 'file', 'know', 'program', 'scsi', 'does', 'software', 'pc', 'mail', 'problem', 'files', 'help', 'disk', 'using', 'mac', 'like', 'need', 'hi', 'graphics', 'window', 'work', 'advance', 'monitor', 'video', 'run', 'new', 'computer', 'looking', 'memory', 'bit', 'running', 'version', 'data', 'ftp', 've', 'email', 'used', 'driver', 'hard', 'information', 'screen', 'info', 'machine', 'mouse', 'available', 'ide', 'drivers', 'just', 'bus', 'appreciated', 'controller', 'color', 'ram', 'ms', 'want', 'board', 'os', 'display', 'drives', 'edu', 'image', 'mode', 'format', 'modem', 'server', 'apple', 'anybody', 'problems', 'ibm', 'chip', 'unix', 'port', 'set', 'application', 'hardware', 'send', '00', 'copy', 'good', 'interested', 'printer', 'floppy', 'code', 'price', 'access', 'don', 'speed', 'time', 'address', 'cards', 'works', 'vga', '16', 'sale', 'list']",1.176295753015438
2,137.12064145306496,1,0.0,"['article', 'just', 'people', 've', 'writes', 'new', 'don', 'edu', 'll', 'read', 'government', 'good', 'doesn', 'did', 'tell', 'believe', '10', 'right', 'car', 'got', 'thing', 'really', 'post', 'power', 'god', 'better', 'think', 'ca', 'things', 'sure', 'make', 'question', 'way', 'use', 'wrote', 'day', 'group', 'instead', 'state', 'based', 'old', 'ago', 'games', 'wrong', 'easy', 'open', 'comes', 'team', 'come', 'says', 'little', 'control', 'algorithm', 'david', 'news', 'free', 'note', 'stuff', 'yes', 'answer', 'having', 'fact', 'great', 'non', 'times', 'example', 'keys', 'haven', 'pretty', 'lot', 'gov', 'jesus', 'point', 'subject', 'heard', 'year', 'didn', 'goes', 'look', 'place', 'long', 'probably', 'going', '1993', 'big', 'questions', 'course', 'guess', 'true', 'maybe', 'kind', 'months', 'encryption', 'book', 'actually', 'trying', 'case', 'told', 'reading', 'real']",0.5683087280194741
2,137.12064145306496,1,0.25,"['ÿhooked', 'countryside', 'countryclub', 'country', 'countries', 'countless', 'countires', 'counting', 'counties', 'countess', 'counterweighting', 'counterweight', 'counterterrorism', 'counterstroke', 'countersteers', 'countersteering', 'countersteered', 'countrymen', 'counts', 'counselors', 'county', 'coupond', 'coupon', 'couplings', 'coupling', 'couples', 'couplers', 'coupler', 'coupled', 'couple', 'coupld', 'coupes', 'coupe', 'coup', 'couonty', 'couold', 'countersteer', 'countersigned', 'counters', 'counterproposal', 'counterblockade', 'counterbalanced', 'counterbalance', 'counterassault', 'counterargument', 'counteracts', 'counteracting', 'counteract', 'counter_clockwise', 'counter', 'countenance', 'counted', 'countdown', 'countach', 'countable', 'counterclaim', 'counterclockwise', 'countercyclic', 'counterflame', 'counterproductive', 'counterpoint', 'counterparts', 'counterpart', 'countermeasure', 'countering', 'counterfeits', 'countered', 'counterfeiters', 'counterfeited', 'counterfeit', 'counterfactual', 'counterexamples', 'counterexample', 'coupons', 'coupound', 'coups', 'cousin', 'covalent', 'cov', 'couurse', 'coutry', 'coutnry', 'couties', 'coutesy', 'coutcome', 'cout', 'coustomers', 'coustomer', 'coustom', 'coustic', 'cousins', 'cousinetc', 'covalt', 'covcenant', 'covdy', 'coverage', 'covering', 'covereth', 'covered', 'coverare']",0.4296407109941356
2,137.12064145306496,1,0.5,"['ÿhooked', 'countryside', 'countryclub', 'country', 'countries', 'countless', 'countires', 'counting', 'counties', 'countess', 'counterweighting', 'counterweight', 'counterterrorism', 'counterstroke', 'countersteers', 'countersteering', 'countersteered', 'countrymen', 'counts', 'counselors', 'county', 'coupond', 'coupon', 'couplings', 'coupling', 'couples', 'couplers', 'coupler', 'coupled', 'couple', 'coupld', 'coupes', 'coupe', 'coup', 'couonty', 'couold', 'countersteer', 'countersigned', 'counters', 'counterproposal', 'counterblockade', 'counterbalanced', 'counterbalance', 'counterassault', 'counterargument', 'counteracts', 'counteracting', 'counteract', 'counter_clockwise', 'counter', 'countenance', 'counted', 'countdown', 'countach', 'countable', 'counterclaim', 'counterclockwise', 'countercyclic', 'counterflame', 'counterproductive', 'counterpoint', 'counterparts', 'counterpart', 'countermeasure', 'countering', 'counterfeits', 'countered', 'counterfeiters', 'counterfeited', 'counterfeit', 'counterfactual', 'counterexamples', 'counterexample', 'coupons', 'coupound', 'coups', 'cousin', 'covalent', 'cov', 'couurse', 'coutry', 'coutnry', 'couties', 'coutesy', 'coutcome', 'cout', 'coustomers', 'coustomer', 'coustom', 'coustic', 'cousins', 'cousinetc', 'covalt', 'covcenant', 'covdy', 'coverage', 'covering', 'covereth', 'covered', 'coverare']",0.4348230239993427
2,137.12064145306496,1,0.75,"['ÿhooked', 'countryside', 'countryclub', 'country', 'countries', 'countless', 'countires', 'counting', 'counties', 'countess', 'counterweighting', 'counterweight', 'counterterrorism', 'counterstroke', 'countersteers', 'countersteering', 'countersteered', 'countrymen', 'counts', 'counselors', 'county', 'coupond', 'coupon', 'couplings', 'coupling', 'couples', 'couplers', 'coupler', 'coupled', 'couple', 'coupld', 'coupes', 'coupe', 'coup', 'couonty', 'couold', 'countersteer', 'countersigned', 'counters', 'counterproposal', 'counterblockade', 'counterbalanced', 'counterbalance', 'counterassault', 'counterargument', 'counteracts', 'counteracting', 'counteract', 'counter_clockwise', 'counter', 'countenance', 'counted', 'countdown', 'countach', 'countable', 'counterclaim', 'counterclockwise', 'countercyclic', 'counterflame', 'counterproductive', 'counterpoint', 'counterparts', 'counterpart', 'countermeasure', 'countering', 'counterfeits', 'countered', 'counterfeiters', 'counterfeited', 'counterfeit', 'counterfactual', 'counterexamples', 'counterexample', 'coupons', 'coupound', 'coups', 'cousin', 'covalent', 'cov', 'couurse', 'coutry', 'coutnry', 'couties', 'coutesy', 'coutcome', 'cout', 'coustomers', 'coustomer', 'coustom', 'coustic', 'cousins', 'cousinetc', 'covalt', 'covcenant', 'covdy', 'coverage', 'covering', 'covereth', 'covered', 'coverare']",0.5591541340108961
2,137.12064145306496,1,1.0,"['windows', 'drive', 'thanks', 'card', 'dos', 'scsi', 'file', 'pc', 'software', 'program', 'disk', 'use', 'files', 'mac', 'mail', 'monitor', 'advance', 'hi', 'graphics', 'video', 'using', 'window', 'help', 'memory', 'problem', 'ide', 'run', 'ftp', 'computer', 'running', 'driver', 'controller', 'looking', 'mouse', 'bus', 'drivers', 'need', 'screen', 'version', 'ram', 'data', 'email', 'machine', 'color', 'info', 'work', 'appreciated', 'os', 'ms', 'drives', 'bit', 'board', 'mode', 'format', 'display', 'hard', 'available', 'modem', 'port', 'floppy', 'unix', 'server', 'printer', 'information', 'vga', 'does', 'image', 'application', 'ibm', 'know', 'meg', 'new', 'hardware', 'cards', 'sale', 'disks', 'serial', 'anybody', 'speed', 'package', 'copy', '00', 'apple', 'chip', 'motherboard', 'problems', 'price', 'used', 'mb', '486', 'access', 'hello', 'bios', 'microsoft', 'code', 'send', 'hd', 'isa', 'programs', 'cd']",17.704507977992762
2,137.12064145306496,5,0.0,"['windows', 'drive', 'card', 'thanks', 'scsi', 'does', 'know', 'use', 'program', 'pc', 'like', 'problem', 'software', 'files', 'using', 'help', '00', 'ram', 'mac', 'hi', 'disk', 'need', 'run', 'bus', 'running', 'mail', 'advance', 've', 'work', 'new', 'file', 'hard', 'bit', 'want', 'window', 'memory', 'mode', 'set', 'version', 'ms', 'ide', 'machine', 'controller', 'used', 'data', 'graphics', 'server', 'looking', 'computer', 'monitor', 'floppy', 'board', 'email', 'color', 'chip', 'information', 'mb', '16', 'video', 'ftp', 'drives', 'speed', 'list', 'old', 'tell', 'bios', 'cd', 'power', 'os', 'got', 'format', 'available', 'motherboard', 'apple', 'info', 'works', 'cpu', 'phone', 'able', 'programs', 'sun', 'package', 'try', 'message', 'price', 'drivers', 'number', 'backup', 'local', 'possible', 'seen', 'problems', 'fine', 'wondering', 'interested', 'driver', 'vga', '386', 'reply', '486']",0.5670987300109118
2,137.12064145306496,5,0.25,"['ÿhooked', 'countryside', 'countryclub', 'country', 'countries', 'countless', 'countires', 'counting', 'counties', 'countess', 'counterweighting', 'counterweight', 'counterterrorism', 'counterstroke', 'countersteers', 'countersteering', 'countersteered', 'countrymen', 'counts', 'counselors', 'county', 'coupond', 'coupon', 'couplings', 'coupling', 'couples', 'couplers', 'coupler', 'coupled', 'couple', 'coupld', 'coupes', 'coupe', 'coup', 'couonty', 'couold', 'countersteer', 'countersigned', 'counters', 'counterproposal', 'counterblockade', 'counterbalanced', 'counterbalance', 'counterassault', 'counterargument', 'counteracts', 'counteracting', 'counteract', 'counter_clockwise', 'counter', 'countenance', 'counted', 'countdown', 'countach', 'countable', 'counterclaim', 'counterclockwise', 'countercyclic', 'counterflame', 'counterproductive', 'counterpoint', 'counterparts', 'counterpart', 'countermeasure', 'countering', 'counterfeits', 'countered', 'counterfeiters', 'counterfeited', 'counterfeit', 'counterfactual', 'counterexamples', 'counterexample', 'coupons', 'coupound', 'coups', 'cousin', 'covalent', 'cov', 'couurse', 'coutry', 'coutnry', 'couties', 'coutesy', 'coutcome', 'cout', 'coustomers', 'coustomer', 'coustom', 'coustic', 'cousins', 'cousinetc', 'covalt', 'covcenant', 'covdy', 'coverage', 'covering', 'covereth', 'covered', 'coverare']",0.49065569997765124
2,137.12064145306496,5,0.5,"['ÿhooked', 'countryside', 'countryclub', 'country', 'countries', 'countless', 'countires', 'counting', 'counties', 'countess', 'counterweighting', 'counterweight', 'counterterrorism', 'counterstroke', 'countersteers', 'countersteering', 'countersteered', 'countrymen', 'counts', 'counselors', 'county', 'coupond', 'coupon', 'couplings', 'coupling', 'couples', 'couplers', 'coupler', 'coupled', 'couple', 'coupld', 'coupes', 'coupe', 'coup', 'couonty', 'couold', 'countersteer', 'countersigned', 'counters', 'counterproposal', 'counterblockade', 'counterbalanced', 'counterbalance', 'counterassault', 'counterargument', 'counteracts', 'counteracting', 'counteract', 'counter_clockwise', 'counter', 'countenance', 'counted', 'countdown', 'countach', 'countable', 'counterclaim', 'counterclockwise', 'countercyclic', 'counterflame', 'counterproductive', 'counterpoint', 'counterparts', 'counterpart', 'countermeasure', 'countering', 'counterfeits', 'countered', 'counterfeiters', 'counterfeited', 'counterfeit', 'counterfactual', 'counterexamples', 'counterexample', 'coupons', 'coupound', 'coups', 'cousin', 'covalent', 'cov', 'couurse', 'coutry', 'coutnry', 'couties', 'coutesy', 'coutcome', 'cout', 'coustomers', 'coustomer', 'coustom', 'coustic', 'cousins', 'cousinetc', 'covalt', 'covcenant', 'covdy', 'coverage', 'covering', 'covereth', 'covered', 'coverare']",0.48924234000151046
2,137.12064145306496,5,0.75,"['ÿhooked', 'countryside', 'countryclub', 'country', 'countries', 'countless', 'countires', 'counting', 'counties', 'countess', 'counterweighting', 'counterweight', 'counterterrorism', 'counterstroke', 'countersteers', 'countersteering', 'countersteered', 'countrymen', 'counts', 'counselors', 'county', 'coupond', 'coupon', 'couplings', 'coupling', 'couples', 'couplers', 'coupler', 'coupled', 'couple', 'coupld', 'coupes', 'coupe', 'coup', 'couonty', 'couold', 'countersteer', 'countersigned', 'counters', 'counterproposal', 'counterblockade', 'counterbalanced', 'counterbalance', 'counterassault', 'counterargument', 'counteracts', 'counteracting', 'counteract', 'counter_clockwise', 'counter', 'countenance', 'counted', 'countdown', 'countach', 'countable', 'counterclaim', 'counterclockwise', 'countercyclic', 'counterflame', 'counterproductive', 'counterpoint', 'counterparts', 'counterpart', 'countermeasure', 'countering', 'counterfeits', 'countered', 'counterfeiters', 'counterfeited', 'counterfeit', 'counterfactual', 'counterexamples', 'counterexample', 'coupons', 'coupound', 'coups', 'cousin', 'covalent', 'cov', 'couurse', 'coutry', 'coutnry', 'couties', 'coutesy', 'coutcome', 'cout', 'coustomers', 'coustomer', 'coustom', 'coustic', 'cousins', 'cousinetc', 'covalt', 'covcenant', 'covdy', 'coverage', 'covering', 'covereth', 'covered', 'coverare']",0.4565456099808216
2,137.12064145306496,5,1.0,"['windows', 'drive', 'thanks', 'card', 'dos', 'scsi', 'file', 'pc', 'software', 'program', 'disk', 'use', 'files', 'mac', 'mail', 'monitor', 'advance', 'hi', 'graphics', 'video', 'using', 'window', 'help', 'memory', 'problem', 'ide', 'run', 'ftp', 'computer', 'running', 'driver', 'controller', 'looking', 'mouse', 'bus', 'drivers', 'need', 'screen', 'version', 'ram', 'data', 'email', 'machine', 'color', 'info', 'work', 'appreciated', 'os', 'ms', 'drives', 'bit', 'board', 'mode', 'format', 'display', 'hard', 'available', 'modem', 'port', 'floppy', 'unix', 'server', 'printer', 'information', 'vga', 'does', 'image', 'application', 'ibm', 'know', 'meg', 'new', 'hardware', 'cards', 'sale', 'disks', 'serial', 'anybody', 'speed', 'package', 'copy', '00', 'apple', 'chip', 'motherboard', 'problems', 'price', 'used', 'mb', '486', 'access', 'hello', 'bios', 'microsoft', 'code', 'send', 'hd', 'isa', 'programs', 'cd']",12.55409784000949
2,137.12064145306496,10,0.0,"['windows', 'thanks', 'drive', 'card', 'know', 'file', 'use', 'like', 'pc', 'does', 'scsi', 'software', 'program', 'problem', 'mail', 'help', 'files', 'using', 'running', 'run', 'hi', 'new', 've', 'ram', 'looking', 'need', 'bit', 'work', 'advance', 'ftp', 'graphics', 'used', 'disk', 'computer', 'mac', 'bus', 'list', 'ms', 'want', 'color', 'ide', 'video', 'works', 'hard', 'image', '00', 'window', 'memory', 'jpeg', 'space', 'drives', 'data', 'screen', 'speed', 'email', 'chip', 'machine', 'info', 'interested', 'phone', 'power', 'tell', 'unix', 'set', 'serial', 'gif', 'key', '386', 'able', 'available', 'information', '20', 'apple', 'line', 'floppy', 'sale', 'board', 'mode', 'package', 'vga', 'possible', 'driver', 'got', 'appreciated', 'sun', 'anybody', '24', 'version', 'server', 'monitor', 'disks', 'fine', 'motherboard', 'os', 'access', 'error', 'price', '25', 'address', 'modem']",0.6691633189911954
2,137.12064145306496,10,0.25,"['ÿhooked', 'countryside', 'countryclub', 'country', 'countries', 'countless', 'countires', 'counting', 'counties', 'countess', 'counterweighting', 'counterweight', 'counterterrorism', 'counterstroke', 'countersteers', 'countersteering', 'countersteered', 'countrymen', 'counts', 'counselors', 'county', 'coupond', 'coupon', 'couplings', 'coupling', 'couples', 'couplers', 'coupler', 'coupled', 'couple', 'coupld', 'coupes', 'coupe', 'coup', 'couonty', 'couold', 'countersteer', 'countersigned', 'counters', 'counterproposal', 'counterblockade', 'counterbalanced', 'counterbalance', 'counterassault', 'counterargument', 'counteracts', 'counteracting', 'counteract', 'counter_clockwise', 'counter', 'countenance', 'counted', 'countdown', 'countach', 'countable', 'counterclaim', 'counterclockwise', 'countercyclic', 'counterflame', 'counterproductive', 'counterpoint', 'counterparts', 'counterpart', 'countermeasure', 'countering', 'counterfeits', 'countered', 'counterfeiters', 'counterfeited', 'counterfeit', 'counterfactual', 'counterexamples', 'counterexample', 'coupons', 'coupound', 'coups', 'cousin', 'covalent', 'cov', 'couurse', 'coutry', 'coutnry', 'couties', 'coutesy', 'coutcome', 'cout', 'coustomers', 'coustomer', 'coustom', 'coustic', 'cousins', 'cousinetc', 'covalt', 'covcenant', 'covdy', 'coverage', 'covering', 'covereth', 'covered', 'coverare']",0.45155460099340416
2,137.12064145306496,10,0.5,"['ÿhooked', 'countryside', 'countryclub', 'country', 'countries', 'countless', 'countires', 'counting', 'counties', 'countess', 'counterweighting', 'counterweight', 'counterterrorism', 'counterstroke', 'countersteers', 'countersteering', 'countersteered', 'countrymen', 'counts', 'counselors', 'county', 'coupond', 'coupon', 'couplings', 'coupling', 'couples', 'couplers', 'coupler', 'coupled', 'couple', 'coupld', 'coupes', 'coupe', 'coup', 'couonty', 'couold', 'countersteer', 'countersigned', 'counters', 'counterproposal', 'counterblockade', 'counterbalanced', 'counterbalance', 'counterassault', 'counterargument', 'counteracts', 'counteracting', 'counteract', 'counter_clockwise', 'counter', 'countenance', 'counted', 'countdown', 'countach', 'countable', 'counterclaim', 'counterclockwise', 'countercyclic', 'counterflame', 'counterproductive', 'counterpoint', 'counterparts', 'counterpart', 'countermeasure', 'countering', 'counterfeits', 'countered', 'counterfeiters', 'counterfeited', 'counterfeit', 'counterfactual', 'counterexamples', 'counterexample', 'coupons', 'coupound', 'coups', 'cousin', 'covalent', 'cov', 'couurse', 'coutry', 'coutnry', 'couties', 'coutesy', 'coutcome', 'cout', 'coustomers', 'coustomer', 'coustom', 'coustic', 'cousins', 'cousinetc', 'covalt', 'covcenant', 'covdy', 'coverage', 'covering', 'covereth', 'covered', 'coverare']",0.4663534060236998
2,137.12064145306496,10,0.75,"['ÿhooked', 'countryside', 'countryclub', 'country', 'countries', 'countless', 'countires', 'counting', 'counties', 'countess', 'counterweighting', 'counterweight', 'counterterrorism', 'counterstroke', 'countersteers', 'countersteering', 'countersteered', 'countrymen', 'counts', 'counselors', 'county', 'coupond', 'coupon', 'couplings', 'coupling', 'couples', 'couplers', 'coupler', 'coupled', 'couple', 'coupld', 'coupes', 'coupe', 'coup', 'couonty', 'couold', 'countersteer', 'countersigned', 'counters', 'counterproposal', 'counterblockade', 'counterbalanced', 'counterbalance', 'counterassault', 'counterargument', 'counteracts', 'counteracting', 'counteract', 'counter_clockwise', 'counter', 'countenance', 'counted', 'countdown', 'countach', 'countable', 'counterclaim', 'counterclockwise', 'countercyclic', 'counterflame', 'counterproductive', 'counterpoint', 'counterparts', 'counterpart', 'countermeasure', 'countering', 'counterfeits', 'countered', 'counterfeiters', 'counterfeited', 'counterfeit', 'counterfactual', 'counterexamples', 'counterexample', 'coupons', 'coupound', 'coups', 'cousin', 'covalent', 'cov', 'couurse', 'coutry', 'coutnry', 'couties', 'coutesy', 'coutcome', 'cout', 'coustomers', 'coustomer', 'coustom', 'coustic', 'cousins', 'cousinetc', 'covalt', 'covcenant', 'covdy', 'coverage', 'covering', 'covereth', 'covered', 'coverare']",0.6644922569976188
2,137.12064145306496,10,1.0,"['windows', 'drive', 'thanks', 'card', 'dos', 'scsi', 'file', 'pc', 'software', 'program', 'disk', 'use', 'files', 'mac', 'mail', 'monitor', 'advance', 'hi', 'graphics', 'video', 'using', 'window', 'help', 'memory', 'problem', 'ide', 'run', 'ftp', 'computer', 'running', 'driver', 'controller', 'looking', 'mouse', 'bus', 'drivers', 'need', 'screen', 'version', 'ram', 'data', 'email', 'machine', 'color', 'info', 'work', 'appreciated', 'os', 'ms', 'drives', 'bit', 'board', 'mode', 'format', 'display', 'hard', 'available', 'modem', 'port', 'floppy', 'unix', 'server', 'printer', 'information', 'vga', 'does', 'image', 'application', 'ibm', 'know', 'meg', 'new', 'hardware', 'cards', 'sale', 'disks', 'serial', 'anybody', 'speed', 'package', 'copy', '00', 'apple', 'chip', 'motherboard', 'problems', 'price', 'used', 'mb', '486', 'access', 'hello', 'bios', 'microsoft', 'code', 'send', 'hd', 'isa', 'programs', 'cd']",13.772647400008282
3,135.89173641498186,0,0.0,"['god', 'jesus', 'bible', 'believe', 'christian', 'faith', 'christ', 'people', 'christians', 'sin', 'say', 'church', 'life', 'does', 'religion', 'christianity', 'love', 'heaven', 'rutgers', 'don', 'think', 'truth', 'know', 'hell', 'man', 'belief', 'lord', 'existence', 'atheists', 'athos', '1993', 'human', 'true', 'atheism', 'way', 'question', 'word', 'just', 'eternal', 'scripture', 'things', 'did', 'mary', 'exist', 'atheist', 'evidence', 'beliefs', 'point', 'fact', 'spirit', 'world', 'said', 'religious', 'law', 'paul', 'reason', 'come', 'father', 'mean', 'death', 'time', 'read', 'person', 'accept', 'says', 'holy', 'wrong', 'edu', 'jews', 'words', 'like', 'die', 'good', 'catholic', 'argument', 'book', 'son', 'doesn', 'make', 'right', 'nature', 'satan', 'grace', 'claim', 'apr', 'saying', 'different', 'moral', 'earth', 'shall', 'follow', 'ask', 'exists', 'saved', 'homosexuality', 'really', 'jewish', 'example', 'children', 'understand']",1.0447223400115035
3,135.89173641498186,0,0.25,"['god', 'jesus', 'bible', 'believe', 'christian', 'faith', 'christ', 'people', 'christians', 'sin', 'say', 'church', 'life', 'does', 'religion', 'christianity', 'love', 'heaven', 'rutgers', 'don', 'think', 'truth', 'know', 'hell', 'man', 'belief', 'lord', 'existence', 'atheists', 'athos', '1993', 'human', 'true', 'atheism', 'way', 'question', 'word', 'just', 'eternal', 'scripture', 'things', 'did', 'mary', 'exist', 'atheist', 'evidence', 'beliefs', 'point', 'fact', 'spirit', 'world', 'said', 'religious', 'law', 'paul', 'reason', 'come', 'father', 'mean', 'death', 'time', 'read', 'person', 'accept', 'says', 'holy', 'wrong', 'edu', 'jews', 'words', 'like', 'die', 'good', 'catholic', 'argument', 'book', 'son', 'doesn', 'make', 'right', 'nature', 'satan', 'grace', 'claim', 'apr', 'saying', 'different', 'moral', 'earth', 'shall', 'follow', 'ask', 'exists', 'saved', 'homosexuality', 'really', 'jewish', 'example', 'children', 'understand']",1.0298125839908607
3,135.89173641498186,0,0.5,"['god', 'jesus', 'bible', 'believe', 'christian', 'faith', 'christ', 'people', 'christians', 'sin', 'say', 'church', 'life', 'does', 'religion', 'christianity', 'love', 'heaven', 'rutgers', 'don', 'think', 'truth', 'know', 'hell', 'man', 'belief', 'lord', 'existence', 'atheists', 'athos', '1993', 'human', 'true', 'atheism', 'way', 'question', 'word', 'just', 'eternal', 'scripture', 'things', 'did', 'mary', 'exist', 'atheist', 'evidence', 'beliefs', 'point', 'fact', 'spirit', 'world', 'said', 'religious', 'law', 'paul', 'reason', 'come', 'father', 'mean', 'death', 'time', 'read', 'person', 'accept', 'says', 'holy', 'wrong', 'edu', 'jews', 'words', 'like', 'die', 'good', 'catholic', 'argument', 'book', 'son', 'doesn', 'make', 'right', 'nature', 'satan', 'grace', 'claim', 'apr', 'saying', 'different', 'moral', 'earth', 'shall', 'follow', 'ask', 'exists', 'saved', 'homosexuality', 'really', 'jewish', 'example', 'children', 'understand']",1.0304338499845471
3,135.89173641498186,0,0.75,"['god', 'jesus', 'bible', 'believe', 'christian', 'faith', 'christ', 'people', 'christians', 'sin', 'say', 'church', 'life', 'does', 'religion', 'christianity', 'love', 'heaven', 'rutgers', 'don', 'think', 'truth', 'know', 'hell', 'man', 'belief', 'lord', 'existence', 'atheists', 'athos', '1993', 'human', 'true', 'atheism', 'way', 'question', 'word', 'just', 'eternal', 'scripture', 'things', 'did', 'mary', 'exist', 'atheist', 'evidence', 'beliefs', 'point', 'fact', 'spirit', 'world', 'said', 'religious', 'law', 'paul', 'reason', 'come', 'father', 'mean', 'death', 'time', 'read', 'person', 'accept', 'says', 'holy', 'wrong', 'edu', 'jews', 'words', 'like', 'die', 'good', 'catholic', 'argument', 'book', 'son', 'doesn', 'make', 'right', 'nature', 'satan', 'grace', 'claim', 'apr', 'saying', 'different', 'moral', 'earth', 'shall', 'follow', 'ask', 'exists', 'saved', 'homosexuality', 'really', 'jewish', 'example', 'children', 'understand']",1.1089512899925467
3,135.89173641498186,0,1.0,"['god', 'jesus', 'bible', 'believe', 'christian', 'faith', 'christ', 'people', 'christians', 'sin', 'say', 'church', 'life', 'does', 'religion', 'christianity', 'love', 'heaven', 'rutgers', 'don', 'think', 'truth', 'know', 'hell', 'man', 'belief', 'lord', 'existence', 'atheists', 'athos', '1993', 'human', 'true', 'atheism', 'way', 'question', 'word', 'just', 'eternal', 'scripture', 'things', 'did', 'mary', 'exist', 'atheist', 'evidence', 'beliefs', 'point', 'fact', 'spirit', 'world', 'said', 'religious', 'law', 'paul', 'reason', 'come', 'father', 'mean', 'death', 'time', 'read', 'person', 'accept', 'says', 'holy', 'wrong', 'edu', 'jews', 'words', 'like', 'die', 'good', 'catholic', 'argument', 'book', 'son', 'doesn', 'make', 'right', 'nature', 'satan', 'grace', 'claim', 'apr', 'saying', 'different', 'moral', 'earth', 'shall', 'follow', 'ask', 'exists', 'saved', 'homosexuality', 'really', 'jewish', 'example', 'children', 'understand']",1.0540177199873142
3,137.12064145306496,1,0.0,"['use', 'think', 'don', 'article', 'edu', 'people', 'writes', 'like', 'really', 'mail', 've', 'did', 'new', 'way', 'information', 'used', 'want', 'make', 'point', 'tell', 'work', 'doesn', 'com', 'time', 'good', 'said', 'does', 'thanks', 'actually', 'day', 'real', 'years', 'list', 'send', 'issue', 'available', 'didn', 'course', 'isn', 'news', 'change', 'little', 'far', 'chip', '20', 'children', 'feel', 'll', 'great', 'interested', 'non', 'fine', 'sure', 'computer', 'second', 'bad', 'able', 'thought', 'times', 'remember', 'thing', 'better', 'doing', 'having', 'kind', 'power', 'maybe', 'working', 'hardware', 'data', 'key', 'best', 'space', 'end', 'told', 'heard', 'john', 'matter', 'yes', 'let', 'gun', 'cs', 'state', 'standard', 'post', 'possible', 'problems', 'mind', 'old', 'called', 'given', 'getting', 'try', 'makes', 'access', 'idea', 'ca', '10', 'ibm', 'copy']",0.514472039998509
3,137.12064145306496,1,0.25,"['ÿhooked', 'countryside', 'countryclub', 'country', 'countries', 'countless', 'countires', 'counting', 'counties', 'countess', 'counterweighting', 'counterweight', 'counterterrorism', 'counterstroke', 'countersteers', 'countersteering', 'countersteered', 'countrymen', 'counts', 'counselors', 'county', 'coupond', 'coupon', 'couplings', 'coupling', 'couples', 'couplers', 'coupler', 'coupled', 'couple', 'coupld', 'coupes', 'coupe', 'coup', 'couonty', 'couold', 'countersteer', 'countersigned', 'counters', 'counterproposal', 'counterblockade', 'counterbalanced', 'counterbalance', 'counterassault', 'counterargument', 'counteracts', 'counteracting', 'counteract', 'counter_clockwise', 'counter', 'countenance', 'counted', 'countdown', 'countach', 'countable', 'counterclaim', 'counterclockwise', 'countercyclic', 'counterflame', 'counterproductive', 'counterpoint', 'counterparts', 'counterpart', 'countermeasure', 'countering', 'counterfeits', 'countered', 'counterfeiters', 'counterfeited', 'counterfeit', 'counterfactual', 'counterexamples', 'counterexample', 'coupons', 'coupound', 'coups', 'cousin', 'covalent', 'cov', 'couurse', 'coutry', 'coutnry', 'couties', 'coutesy', 'coutcome', 'cout', 'coustomers', 'coustomer', 'coustom', 'coustic', 'cousins', 'cousinetc', 'covalt', 'covcenant', 'covdy', 'coverage', 'covering', 'covereth', 'covered', 'coverare']",0.5574395699950401
3,137.12064145306496,1,0.5,"['ÿhooked', 'countryside', 'countryclub', 'country', 'countries', 'countless', 'countires', 'counting', 'counties', 'countess', 'counterweighting', 'counterweight', 'counterterrorism', 'counterstroke', 'countersteers', 'countersteering', 'countersteered', 'countrymen', 'counts', 'counselors', 'county', 'coupond', 'coupon', 'couplings', 'coupling', 'couples', 'couplers', 'coupler', 'coupled', 'couple', 'coupld', 'coupes', 'coupe', 'coup', 'couonty', 'couold', 'countersteer', 'countersigned', 'counters', 'counterproposal', 'counterblockade', 'counterbalanced', 'counterbalance', 'counterassault', 'counterargument', 'counteracts', 'counteracting', 'counteract', 'counter_clockwise', 'counter', 'countenance', 'counted', 'countdown', 'countach', 'countable', 'counterclaim', 'counterclockwise', 'countercyclic', 'counterflame', 'counterproductive', 'counterpoint', 'counterparts', 'counterpart', 'countermeasure', 'countering', 'counterfeits', 'countered', 'counterfeiters', 'counterfeited', 'counterfeit', 'counterfactual', 'counterexamples', 'counterexample', 'coupons', 'coupound', 'coups', 'cousin', 'covalent', 'cov', 'couurse', 'coutry', 'coutnry', 'couties', 'coutesy', 'coutcome', 'cout', 'coustomers', 'coustomer', 'coustom', 'coustic', 'cousins', 'cousinetc', 'covalt', 'covcenant', 'covdy', 'coverage', 'covering', 'covereth', 'covered', 'coverare']",0.5386759200191591
3,137.12064145306496,1,0.75,"['ÿhooked', 'countryside', 'countryclub', 'country', 'countries', 'countless', 'countires', 'counting', 'counties', 'countess', 'counterweighting', 'counterweight', 'counterterrorism', 'counterstroke', 'countersteers', 'countersteering', 'countersteered', 'countrymen', 'counts', 'counselors', 'county', 'coupond', 'coupon', 'couplings', 'coupling', 'couples', 'couplers', 'coupler', 'coupled', 'couple', 'coupld', 'coupes', 'coupe', 'coup', 'couonty', 'couold', 'countersteer', 'countersigned', 'counters', 'counterproposal', 'counterblockade', 'counterbalanced', 'counterbalance', 'counterassault', 'counterargument', 'counteracts', 'counteracting', 'counteract', 'counter_clockwise', 'counter', 'countenance', 'counted', 'countdown', 'countach', 'countable', 'counterclaim', 'counterclockwise', 'countercyclic', 'counterflame', 'counterproductive', 'counterpoint', 'counterparts', 'counterpart', 'countermeasure', 'countering', 'counterfeits', 'countered', 'counterfeiters', 'counterfeited', 'counterfeit', 'counterfactual', 'counterexamples', 'counterexample', 'coupons', 'coupound', 'coups', 'cousin', 'covalent', 'cov', 'couurse', 'coutry', 'coutnry', 'couties', 'coutesy', 'coutcome', 'cout', 'coustomers', 'coustomer', 'coustom', 'coustic', 'cousins', 'cousinetc', 'covalt', 'covcenant', 'covdy', 'coverage', 'covering', 'covereth', 'covered', 'coverare']",0.5294214899768122
3,137.12064145306496,1,1.0,"['god', 'jesus', 'windows', 'bible', 'faith', 'christ', 'christian', 'christians', 'sin', 'does', 'believe', 'dos', 'thanks', 'church', 'card', 'christianity', 'heaven', 'life', 'file', 'religion', 'love', 'lord', 'rutgers', 'belief', 'truth', 'scsi', 'drive', 'existence', 'files', 'know', 'atheists', 'eternal', 'scripture', 'word', 'exist', 'mary', 'program', 'atheism', 'atheist', 'athos', 'hell', 'pc', 'hi', 'man', 'window', 'advance', 'say', 'spirit', 'beliefs', 'disk', 'human', 'problem', 'help', 'father', 'grace', 'question', 'holy', 'software', 'satan', 'mac', 'graphics', 'catholic', 'version', 'son', 'read', 'accept', 'ms', '1993', 'memory', 'true', 'exists', 'screen', 'os', 'religious', 'nature', 'video', 'mouse', 'salvation', 'ide', 'monitor', 'saved', 'people', 'ftp', 'romans', 'sins', 'paul', 'controller', 'driver', 'doctrine', 'die', 'words', 'things', 'book', 'running', 'drivers', 'color', 'evidence', 'death', 'homosexuality', 'nt']",18.10396800498711
3,137.12064145306496,5,0.0,"['god', 'windows', 'people', 'jesus', 'bible', 'does', 'know', 'christ', 'say', 'thanks', 'believe', 'life', 'christian', 'faith', 'way', 'question', 'dos', 'use', 'christians', 'love', 'heaven', 'point', 'sin', 'come', 'hell', 'need', 'law', 'card', 'drive', 'church', 'rutgers', 've', 'files', 'says', 'work', 'want', '1993', 'man', 'wrong', 'christianity', 'fact', 'true', 'doesn', 'mail', 'os', 'religion', 'world', 'read', 'software', 'help', 'using', 'things', 'post', 'jews', 'athos', 'hard', 'tell', 'atheist', 'atheism', 'existence', 'file', 'death', 'word', 'program', 'try', 'exist', 'info', 'homosexuality', 'follow', 'version', 'mean', 'truth', 'based', 'scsi', 'pc', 'advance', 'ms', 'set', 'driver', 'living', 'window', 'die', 'video', 'works', 'view', 'mac', 'religious', 'hi', 'different', 'information', 'grace', 'ask', 'lord', 'understand', 'claim', 'paul', 'atheists', 'wrote', 'saved', 'book']",0.7050763150036801
3,137.12064145306496,5,0.25,"['ÿhooked', 'countryside', 'countryclub', 'country', 'countries', 'countless', 'countires', 'counting', 'counties', 'countess', 'counterweighting', 'counterweight', 'counterterrorism', 'counterstroke', 'countersteers', 'countersteering', 'countersteered', 'countrymen', 'counts', 'counselors', 'county', 'coupond', 'coupon', 'couplings', 'coupling', 'couples', 'couplers', 'coupler', 'coupled', 'couple', 'coupld', 'coupes', 'coupe', 'coup', 'couonty', 'couold', 'countersteer', 'countersigned', 'counters', 'counterproposal', 'counterblockade', 'counterbalanced', 'counterbalance', 'counterassault', 'counterargument', 'counteracts', 'counteracting', 'counteract', 'counter_clockwise', 'counter', 'countenance', 'counted', 'countdown', 'countach', 'countable', 'counterclaim', 'counterclockwise', 'countercyclic', 'counterflame', 'counterproductive', 'counterpoint', 'counterparts', 'counterpart', 'countermeasure', 'countering', 'counterfeits', 'countered', 'counterfeiters', 'counterfeited', 'counterfeit', 'counterfactual', 'counterexamples', 'counterexample', 'coupons', 'coupound', 'coups', 'cousin', 'covalent', 'cov', 'couurse', 'coutry', 'coutnry', 'couties', 'coutesy', 'coutcome', 'cout', 'coustomers', 'coustomer', 'coustom', 'coustic', 'cousins', 'cousinetc', 'covalt', 'covcenant', 'covdy', 'coverage', 'covering', 'covereth', 'covered', 'coverare']",0.596502269996563
3,137.12064145306496,5,0.5,"['ÿhooked', 'countryside', 'countryclub', 'country', 'countries', 'countless', 'countires', 'counting', 'counties', 'countess', 'counterweighting', 'counterweight', 'counterterrorism', 'counterstroke', 'countersteers', 'countersteering', 'countersteered', 'countrymen', 'counts', 'counselors', 'county', 'coupond', 'coupon', 'couplings', 'coupling', 'couples', 'couplers', 'coupler', 'coupled', 'couple', 'coupld', 'coupes', 'coupe', 'coup', 'couonty', 'couold', 'countersteer', 'countersigned', 'counters', 'counterproposal', 'counterblockade', 'counterbalanced', 'counterbalance', 'counterassault', 'counterargument', 'counteracts', 'counteracting', 'counteract', 'counter_clockwise', 'counter', 'countenance', 'counted', 'countdown', 'countach', 'countable', 'counterclaim', 'counterclockwise', 'countercyclic', 'counterflame', 'counterproductive', 'counterpoint', 'counterparts', 'counterpart', 'countermeasure', 'countering', 'counterfeits', 'countered', 'counterfeiters', 'counterfeited', 'counterfeit', 'counterfactual', 'counterexamples', 'counterexample', 'coupons', 'coupound', 'coups', 'cousin', 'covalent', 'cov', 'couurse', 'coutry', 'coutnry', 'couties', 'coutesy', 'coutcome', 'cout', 'coustomers', 'coustomer', 'coustom', 'coustic', 'cousins', 'cousinetc', 'covalt', 'covcenant', 'covdy', 'coverage', 'covering', 'covereth', 'covered', 'coverare']",0.5731028100126423
3,137.12064145306496,5,0.75,"['ÿhooked', 'countryside', 'countryclub', 'country', 'countries', 'countless', 'countires', 'counting', 'counties', 'countess', 'counterweighting', 'counterweight', 'counterterrorism', 'counterstroke', 'countersteers', 'countersteering', 'countersteered', 'countrymen', 'counts', 'counselors', 'county', 'coupond', 'coupon', 'couplings', 'coupling', 'couples', 'couplers', 'coupler', 'coupled', 'couple', 'coupld', 'coupes', 'coupe', 'coup', 'couonty', 'couold', 'countersteer', 'countersigned', 'counters', 'counterproposal', 'counterblockade', 'counterbalanced', 'counterbalance', 'counterassault', 'counterargument', 'counteracts', 'counteracting', 'counteract', 'counter_clockwise', 'counter', 'countenance', 'counted', 'countdown', 'countach', 'countable', 'counterclaim', 'counterclockwise', 'countercyclic', 'counterflame', 'counterproductive', 'counterpoint', 'counterparts', 'counterpart', 'countermeasure', 'countering', 'counterfeits', 'countered', 'counterfeiters', 'counterfeited', 'counterfeit', 'counterfactual', 'counterexamples', 'counterexample', 'coupons', 'coupound', 'coups', 'cousin', 'covalent', 'cov', 'couurse', 'coutry', 'coutnry', 'couties', 'coutesy', 'coutcome', 'cout', 'coustomers', 'coustomer', 'coustom', 'coustic', 'cousins', 'cousinetc', 'covalt', 'covcenant', 'covdy', 'coverage', 'covering', 'covereth', 'covered', 'coverare']",0.586193760012975
3,137.12064145306496,5,1.0,"['god', 'jesus', 'windows', 'bible', 'faith', 'christ', 'christian', 'christians', 'sin', 'does', 'believe', 'dos', 'thanks', 'church', 'card', 'christianity', 'heaven', 'life', 'file', 'religion', 'love', 'lord', 'rutgers', 'belief', 'truth', 'scsi', 'drive', 'existence', 'files', 'know', 'atheists', 'eternal', 'scripture', 'word', 'exist', 'mary', 'program', 'atheism', 'atheist', 'athos', 'hell', 'pc', 'hi', 'man', 'window', 'advance', 'say', 'spirit', 'beliefs', 'disk', 'human', 'problem', 'help', 'father', 'grace', 'question', 'holy', 'software', 'satan', 'mac', 'graphics', 'catholic', 'version', 'son', 'read', 'accept', 'ms', '1993', 'memory', 'true', 'exists', 'screen', 'os', 'religious', 'nature', 'video', 'mouse', 'salvation', 'ide', 'monitor', 'saved', 'people', 'ftp', 'romans', 'sins', 'paul', 'controller', 'driver', 'doctrine', 'die', 'words', 'things', 'book', 'running', 'drivers', 'color', 'evidence', 'death', 'homosexuality', 'nt']",17.4071271540015
3,137.12064145306496,10,0.0,"['god', 'people', 'windows', 'know', 'does', 'bible', 'jesus', 'believe', 'use', 'thanks', 'say', 'christian', 'way', 'dos', 'card', 'christians', 'faith', 'using', 'need', 'church', 've', 'sin', 'question', 'drive', 'want', 'point', 'help', 'files', 'christ', 'come', 'life', 'children', 'mail', 'fact', 'tell', 'work', 'software', 'read', '1993', 'things', 'os', 'father', 'man', 'rutgers', 'atheism', 'religion', 'mac', 'says', 'doesn', 'apple', 'pc', 'hi', 'post', 'true', 'christianity', 'ms', 'information', 'mother', 'jews', 'world', 'wrote', 'file', 'video', 'memory', 'window', 'truth', 'hard', 'wrong', 'earth', 'bus', 'version', 'running', 'son', 'evidence', 'spirit', '25', 'original', 'belief', 'words', 'nt', 'women', 'bit', 'mary', 'driver', 'apr', 'word', 'info', 'having', 'trying', 'mean', 'try', 'example', 'law', 'given', 'exist', 'scsi', 'program', 'looking', 'based', 'computer']",0.5470823110081255
3,137.12064145306496,10,0.25,"['ÿhooked', 'countryside', 'countryclub', 'country', 'countries', 'countless', 'countires', 'counting', 'counties', 'countess', 'counterweighting', 'counterweight', 'counterterrorism', 'counterstroke', 'countersteers', 'countersteering', 'countersteered', 'countrymen', 'counts', 'counselors', 'county', 'coupond', 'coupon', 'couplings', 'coupling', 'couples', 'couplers', 'coupler', 'coupled', 'couple', 'coupld', 'coupes', 'coupe', 'coup', 'couonty', 'couold', 'countersteer', 'countersigned', 'counters', 'counterproposal', 'counterblockade', 'counterbalanced', 'counterbalance', 'counterassault', 'counterargument', 'counteracts', 'counteracting', 'counteract', 'counter_clockwise', 'counter', 'countenance', 'counted', 'countdown', 'countach', 'countable', 'counterclaim', 'counterclockwise', 'countercyclic', 'counterflame', 'counterproductive', 'counterpoint', 'counterparts', 'counterpart', 'countermeasure', 'countering', 'counterfeits', 'countered', 'counterfeiters', 'counterfeited', 'counterfeit', 'counterfactual', 'counterexamples', 'counterexample', 'coupons', 'coupound', 'coups', 'cousin', 'covalent', 'cov', 'couurse', 'coutry', 'coutnry', 'couties', 'coutesy', 'coutcome', 'cout', 'coustomers', 'coustomer', 'coustom', 'coustic', 'cousins', 'cousinetc', 'covalt', 'covcenant', 'covdy', 'coverage', 'covering', 'covereth', 'covered', 'coverare']",0.5418048060091678
3,137.12064145306496,10,0.5,"['ÿhooked', 'countryside', 'countryclub', 'country', 'countries', 'countless', 'countires', 'counting', 'counties', 'countess', 'counterweighting', 'counterweight', 'counterterrorism', 'counterstroke', 'countersteers', 'countersteering', 'countersteered', 'countrymen', 'counts', 'counselors', 'county', 'coupond', 'coupon', 'couplings', 'coupling', 'couples', 'couplers', 'coupler', 'coupled', 'couple', 'coupld', 'coupes', 'coupe', 'coup', 'couonty', 'couold', 'countersteer', 'countersigned', 'counters', 'counterproposal', 'counterblockade', 'counterbalanced', 'counterbalance', 'counterassault', 'counterargument', 'counteracts', 'counteracting', 'counteract', 'counter_clockwise', 'counter', 'countenance', 'counted', 'countdown', 'countach', 'countable', 'counterclaim', 'counterclockwise', 'countercyclic', 'counterflame', 'counterproductive', 'counterpoint', 'counterparts', 'counterpart', 'countermeasure', 'countering', 'counterfeits', 'countered', 'counterfeiters', 'counterfeited', 'counterfeit', 'counterfactual', 'counterexamples', 'counterexample', 'coupons', 'coupound', 'coups', 'cousin', 'covalent', 'cov', 'couurse', 'coutry', 'coutnry', 'couties', 'coutesy', 'coutcome', 'cout', 'coustomers', 'coustomer', 'coustom', 'coustic', 'cousins', 'cousinetc', 'covalt', 'covcenant', 'covdy', 'coverage', 'covering', 'covereth', 'covered', 'coverare']",0.5260103719774634
3,137.12064145306496,10,0.75,"['ÿhooked', 'countryside', 'countryclub', 'country', 'countries', 'countless', 'countires', 'counting', 'counties', 'countess', 'counterweighting', 'counterweight', 'counterterrorism', 'counterstroke', 'countersteers', 'countersteering', 'countersteered', 'countrymen', 'counts', 'counselors', 'county', 'coupond', 'coupon', 'couplings', 'coupling', 'couples', 'couplers', 'coupler', 'coupled', 'couple', 'coupld', 'coupes', 'coupe', 'coup', 'couonty', 'couold', 'countersteer', 'countersigned', 'counters', 'counterproposal', 'counterblockade', 'counterbalanced', 'counterbalance', 'counterassault', 'counterargument', 'counteracts', 'counteracting', 'counteract', 'counter_clockwise', 'counter', 'countenance', 'counted', 'countdown', 'countach', 'countable', 'counterclaim', 'counterclockwise', 'countercyclic', 'counterflame', 'counterproductive', 'counterpoint', 'counterparts', 'counterpart', 'countermeasure', 'countering', 'counterfeits', 'countered', 'counterfeiters', 'counterfeited', 'counterfeit', 'counterfactual', 'counterexamples', 'counterexample', 'coupons', 'coupound', 'coups', 'cousin', 'covalent', 'cov', 'couurse', 'coutry', 'coutnry', 'couties', 'coutesy', 'coutcome', 'cout', 'coustomers', 'coustomer', 'coustom', 'coustic', 'cousins', 'cousinetc', 'covalt', 'covcenant', 'covdy', 'coverage', 'covering', 'covereth', 'covered', 'coverare']",0.5277099159720819
3,137.12064145306496,10,1.0,"['god', 'jesus', 'windows', 'bible', 'faith', 'christ', 'christian', 'christians', 'sin', 'does', 'believe', 'dos', 'thanks', 'church', 'card', 'christianity', 'heaven', 'life', 'file', 'religion', 'love', 'lord', 'rutgers', 'belief', 'truth', 'scsi', 'drive', 'existence', 'files', 'know', 'atheists', 'eternal', 'scripture', 'word', 'exist', 'mary', 'program', 'atheism', 'atheist', 'athos', 'hell', 'pc', 'hi', 'man', 'window', 'advance', 'say', 'spirit', 'beliefs', 'disk', 'human', 'problem', 'help', 'father', 'grace', 'question', 'holy', 'software', 'satan', 'mac', 'graphics', 'catholic', 'version', 'son', 'read', 'accept', 'ms', '1993', 'memory', 'true', 'exists', 'screen', 'os', 'religious', 'nature', 'video', 'mouse', 'salvation', 'ide', 'monitor', 'saved', 'people', 'ftp', 'romans', 'sins', 'paul', 'controller', 'driver', 'doctrine', 'die', 'words', 'things', 'book', 'running', 'drivers', 'color', 'evidence', 'death', 'homosexuality', 'nt']",18.243038731976412
